ts,side,vol_ratio,aligned,outcome,mfe
2026-06-02 12:00:00-04:00,short,0.6712981515348018,False,target1r,1.05
2026-06-02 15:40:00-04:00,short,1.0732601411315996,False,stop,0.11
2026-06-03 11:20:00-04:00,short,0.9250322884425332,True,eod,0.96
2026-06-03 15:00:00-04:00,short,0.8215307979315786,False,target1r,1.04
2026-06-04 11:00:00-04:00,long,2.266893499185652,False,target1r,1.12
2026-06-04 11:45:00-04:00,short,0.5621040522046136,False,stop,0.1
2026-06-04 13:25:00-04:00,long,0.6573139650735458,True,eod,0.82
2026-06-08 10:35:00-04:00,long,0.4836455811294322,False,stop,0.75
2026-06-08 11:25:00-04:00,short,0.8560524678861297,False,target1r,1.19
2026-06-08 13:00:00-04:00,short,1.8745244148624272,True,target1r,1.04
2026-06-09 14:55:00-04:00,long,0.8372234320552417,False,stop,0.26
2026-06-10 10:40:00-04:00,short,0.3563458377033344,False,target1r,1.02
2026-06-10 13:40:00-04:00,short,0.949472045676858,True,eod,0.69
2026-06-11 14:45:00-04:00,long,0.5627346966062392,True,eod,0.84
2026-06-12 13:00:00-04:00,long,0.6579378421463834,True,eod,0.33
2026-06-12 13:55:00-04:00,short,1.2893930500820527,False,eod,0.8
2026-06-15 10:50:00-04:00,long,0.44184440041144063,True,eod,0.39
2026-06-15 11:45:00-04:00,long,1.0476976119266024,True,eod,0.11
2026-06-15 15:20:00-04:00,short,2.079201024248105,False,target1r,1.21
2026-06-17 12:20:00-04:00,long,0.5613665066110946,False,stop,0.09
2026-06-17 13:50:00-04:00,long,1.1598059757931476,False,stop,0.35
2026-06-18 10:15:00-04:00,long,0.3717129212226257,False,eod,0.75
2026-06-18 11:15:00-04:00,short,0.47431708878426937,False,stop,0.7
2026-06-18 12:35:00-04:00,long,0.2569817255795757,False,stop,0.6
2026-06-18 13:05:00-04:00,long,0.4218300164252547,True,stop,0.46
2026-06-18 13:55:00-04:00,short,0.9404488538764295,False,target1r,1.04
2026-06-18 14:30:00-04:00,short,1.1799088173640095,False,target1r,1.46
2026-06-22 11:35:00-04:00,long,0.7882607245620746,False,stop,0.71
2026-06-22 15:40:00-04:00,short,1.3613269499766372,True,stop,0.03
2026-06-23 11:50:00-04:00,long,1.0555289711274725,False,target1r,1.09
2026-06-23 12:40:00-04:00,long,0.8322130638034511,False,stop,0.16
2026-06-23 13:50:00-04:00,short,1.434842047070115,False,target1r,1.05
2026-06-24 12:30:00-04:00,short,0.8338276306751239,False,target1r,1.21
2026-06-24 15:50:00-04:00,long,2.200290707464257,False,eod,0.15
2026-06-25 10:50:00-04:00,long,0.5196950710869399,True,stop,0.0
2026-06-25 13:10:00-04:00,long,1.025135605436204,False,target1r,1.07
2026-06-26 11:20:00-04:00,long,0.8893993280049267,False,target1r,1.09
2026-06-26 13:05:00-04:00,long,1.051351155675893,True,stop,0.1
2026-06-26 14:15:00-04:00,short,1.0181661435166438,False,target1r,1.18
2026-06-29 11:35:00-04:00,long,0.5164719085114567,True,target1r,1.04
2026-06-29 12:30:00-04:00,short,0.5810074069232793,False,stop,0.11
2026-06-29 13:00:00-04:00,long,0.3943914594089771,True,target1r,1.02
2026-06-29 14:35:00-04:00,long,0.938982847960303,True,eod,0.36
2026-06-29 15:20:00-04:00,long,0.9586006882559147,True,eod,0.33
2026-06-30 11:55:00-04:00,long,1.0873309899135277,True,eod,0.76
2026-06-30 12:45:00-04:00,long,0.9290986067823436,True,eod,0.44
2026-06-30 14:15:00-04:00,long,0.8956084052026304,True,eod,0.66
2026-07-01 12:20:00-04:00,long,0.6199517552270523,True,stop,0.06
2026-07-02 12:20:00-04:00,short,0.8201215576307992,True,target1r,1.03
2026-07-02 15:00:00-04:00,short,0.8884037339235947,False,stop,0.18
2026-07-06 10:55:00-04:00,long,0.38164376207837963,True,eod,0.52
2026-07-06 11:25:00-04:00,long,1.486944095282248,True,eod,0.44
2026-07-07 11:35:00-04:00,short,0.5156338107471471,True,stop,0.08
2026-07-07 14:30:00-04:00,short,1.5789274030009615,False,target1r,1.5
2026-07-08 12:05:00-04:00,long,0.7025436127864924,False,target1r,1.16
2026-07-08 13:15:00-04:00,long,0.7707063918301609,False,eod,0.78
2026-07-09 11:40:00-04:00,long,0.6746483487234086,True,eod,0.63
2026-07-09 13:05:00-04:00,long,0.9991482901453317,True,eod,0.36
2026-07-10 12:45:00-04:00,long,1.2993057026506678,True,target1r,1.01
2026-07-10 15:00:00-04:00,long,3.765379656032854,True,eod,0.32
2026-07-13 11:40:00-04:00,short,0.5067945207291584,True,target1r,1.24
2026-07-13 12:15:00-04:00,short,1.5668515937223593,True,target1r,1.01
2026-07-13 13:50:00-04:00,short,0.8640204322190945,True,eod,0.78
2026-07-13 14:40:00-04:00,long,3.5056866363519674,False,stop,0.21
2026-07-14 12:30:00-04:00,long,0.6613678597769915,False,target1r,1.23
2026-07-14 13:20:00-04:00,long,0.8924313612821299,True,eod,0.24
2026-07-14 14:10:00-04:00,long,0.8422481811516949,True,eod,0.15
2026-07-14 15:20:00-04:00,long,0.7903116107048715,False,eod,0.14
2026-07-15 14:40:00-04:00,short,0.8067633343081712,False,eod,0.94
2026-07-16 13:35:00-04:00,short,1.1926050551723408,True,target1r,1.27
2026-07-17 12:45:00-04:00,long,0.5939980290295256,False,stop,0.2
2026-07-17 13:40:00-04:00,short,0.6371007380163951,False,target1r,1.17
2026-07-20 11:50:00-04:00,long,1.1064536449440785,False,stop,0.57
2026-07-20 13:50:00-04:00,long,0.843160560567944,False,stop,0.59
2026-07-21 12:00:00-04:00,long,0.8348563418891926,True,eod,0.34
2026-07-21 12:50:00-04:00,long,0.9815431404850199,True,eod,0.04
2026-07-21 15:45:00-04:00,long,2.0486199813675943,False,eod,0.14
2026-07-22 12:45:00-04:00,short,0.8177966903547605,False,target1r,1.28
2026-07-22 13:50:00-04:00,short,0.694390947881286,False,target1r,1.11
2026-07-22 15:10:00-04:00,short,1.0358966450058564,True,eod,0.7
2026-07-23 13:20:00-04:00,long,3.285235993201425,False,stop,0.15
2026-07-23 14:30:00-04:00,long,0.785006410171724,False,stop,0.09
2026-07-23 15:10:00-04:00,short,0.707732997330983,True,stop,0.46
2026-07-24 12:05:00-04:00,long,0.9910364128547169,True,stop,0.13
2026-07-24 14:10:00-04:00,short,1.06670592078866,False,target1r,1.42
2026-07-27 13:30:00-04:00,long,0.8918814480698983,False,target1r,1.38
2026-07-27 14:30:00-04:00,short,0.9299583307186616,False,stop,0.23
2026-07-28 12:25:00-04:00,short,0.46240448763882275,False,stop,0.21
2026-07-28 14:45:00-04:00,long,1.381828411516101,False,eod,0.74
2026-07-28 15:35:00-04:00,short,0.980769920540821,False,eod,0.54
2026-07-29 11:35:00-04:00,short,0.5295406376657601,True,stop,0.62
2026-07-29 14:00:00-04:00,long,4.511837127587735,False,target1r,1.28
2026-07-30 10:45:00-04:00,short,0.38244407431206706,False,target1r,1.08
2026-07-30 12:40:00-04:00,short,0.8324491081744693,False,stop,0.02
2026-07-30 13:35:00-04:00,short,1.2562018351512372,False,stop,0.0
2026-07-30 14:55:00-04:00,long,0.8394740513266227,True,eod,0.91
2026-07-31 13:00:00-04:00,long,1.0786024163179115,True,target1r,1.06
2026-07-31 15:15:00-04:00,long,2.60636161221155,True,eod,0.48
2026-08-03 10:55:00-04:00,long,0.5023521381673584,True,eod,0.57
2026-08-03 11:45:00-04:00,long,0.9688558792047498,True,eod,0.57
2026-08-03 12:15:00-04:00,long,0.9862228305579579,True,eod,0.63
2026-08-03 12:50:00-04:00,short,0.8129384097101547,False,stop,0.11
2026-08-03 15:35:00-04:00,short,1.6694515799694032,False,eod,0.87
2026-08-04 12:20:00-04:00,long,0.6096081606706775,True,eod,0.84
2026-08-05 14:00:00-04:00,long,1.7379990396650917,False,stop,0.11
2026-08-05 14:30:00-04:00,short,1.4191364906847697,False,target1r,1.79
2026-08-05 15:35:00-04:00,short,1.570878475798423,False,target1r,2.27
2026-08-06 12:55:00-04:00,long,0.3941067176091906,False,stop,0.18
2026-08-06 13:50:00-04:00,long,1.008553057211316,False,target1r,1.51
2026-08-07 12:20:00-04:00,short,0.8722152913409188,False,stop,0.88
2026-08-07 14:10:00-04:00,short,2.286316535214355,False,stop,0.68
2026-08-10 13:40:00-04:00,short,0.5908867162555285,True,stop,0.44
2026-08-10 15:25:00-04:00,short,0.8724435364434168,False,target1r,1.04
2026-08-11 12:20:00-04:00,short,0.8242938421110223,True,target1r,1.21
2026-08-12 12:35:00-04:00,long,0.788608581787669,True,eod,0.96
2026-08-12 14:10:00-04:00,long,1.1025506533200045,True,stop,0.75
2026-08-13 13:00:00-04:00,long,0.532051522391926,True,target1r,1.34
2026-08-13 14:10:00-04:00,long,1.2681000535620666,True,target1r,1.15
2026-08-14 13:35:00-04:00,short,0.6849534202723236,True,eod,0.11
2026-08-17 12:15:00-04:00,long,0.5990652012458376,False,stop,0.19
2026-08-17 14:30:00-04:00,short,1.2994592891311416,True,eod,0.57
2026-08-18 13:20:00-04:00,short,0.7503137861583817,False,target1r,1.24
2026-08-18 13:55:00-04:00,short,1.1371056239702535,True,eod,0.49
2026-08-19 13:20:00-04:00,short,1.7764847844202665,False,stop,0.12
2026-08-19 15:15:00-04:00,long,2.4197337525375078,False,stop,0.54
2026-08-20 12:35:00-04:00,long,0.5233403764374824,False,stop,0.31
2026-08-20 13:05:00-04:00,short,0.9928583367208602,False,target1r,1.08
2026-08-21 13:55:00-04:00,short,0.769205576165072,False,stop,0.55
2026-08-21 14:30:00-04:00,short,1.2566497366367562,False,stop,0.0
2026-08-24 15:30:00-04:00,short,1.1751327895683945,False,eod,0.67
2026-08-25 11:15:00-04:00,long,0.5024957137080297,False,target1r,1.03
2026-08-25 12:35:00-04:00,long,0.606313763843857,True,stop,0.01
2026-08-25 13:05:00-04:00,short,0.9265456585180817,False,stop,0.51
2026-08-25 14:30:00-04:00,long,0.9507646156522362,False,target1r,1.13
